[{"DocumentTypeId":"Bonafidepdf.NoCategory.cerf","Keywords":[]},{"DocumentTypeId":"Cerf.NoCategory.certificate","Keywords":[]},{"DocumentTypeId":"Resume.NoCategory.Pdf","Keywords":[{"Values":["ug"],"NumberOfTimesConfirmed":1,"LastUpdated":"2022-09-02T14:24:52.546798+05:30"},{"Values":["hsc"],"NumberOfTimesConfirmed":1,"LastUpdated":"2022-09-02T14:25:13.7877445+05:30"},{"Values":["achievement"],"NumberOfTimesConfirmed":1,"LastUpdated":"2022-09-02T14:30:56.1007278+05:30"},{"Values":["sai","esvar.p"],"NumberOfTimesConfirmed":1,"LastUpdated":"2022-09-02T14:31:12.2547393+05:30"}]},{"DocumentTypeId":"picture.NoCategory.Pic-Pdf","Keywords":[{"Values":["year:"],"NumberOfTimesConfirmed":1,"LastUpdated":"2022-09-02T15:53:24.5512088+05:30"},{"Values":["person name:"],"NumberOfTimesConfirmed":1,"LastUpdated":"2022-09-02T15:54:04.8471252+05:30"},{"Values":["also","called"],"NumberOfTimesConfirmed":1,"LastUpdated":"2022-09-03T11:04:29.9826252+05:30"}]}]
