﻿{
  "DataContractVersion": "1.1",
  "DocumentTypes": [
    {
      "DocumentTypeId": "Bonafidepdf.NoCategory.cerf",
      "Group": "Bonafide pdf",
      "Category": "",
      "Name": "cerf",
      "OptionalUniqueIdentifier": "",
      "TypeField": {
        "FieldId": "Bonafidepdf.NoCategory.cerf.DocumentType",
        "FieldName": "Document Type"
      },
      "Fields": [
        {
          "FieldId": "Bonafidepdf.NoCategory.cerf.Date",
          "FieldName": "Date:",
          "IsMultiValue": false,
          "Type": "Number",
          "DeriveFieldsFormat": "",
          "Components": [],
          "SetValues": [],
          "Metadata": [
            {
              "Key": "Color",
              "Value": "#038a18"
            },
            {
              "Key": "Hotkey",
              "Value": "a"
            }
          ]
        }
      ]
    },
    {
      "DocumentTypeId": "Resume.NoCategory.Pdf",
      "Group": "Resume",
      "Category": "",
      "Name": "Pdf",
      "OptionalUniqueIdentifier": "",
      "TypeField": {
        "FieldId": "Resume.NoCategory.Pdf.DocumentType",
        "FieldName": "Document Type"
      },
      "Fields": [
        {
          "FieldId": "Resume.NoCategory.Pdf.RPADeveloperFoundation",
          "FieldName": "RPA Developer Foundation.",
          "IsMultiValue": true,
          "Type": "Number",
          "DeriveFieldsFormat": "",
          "Components": [],
          "SetValues": [],
          "Metadata": [
            {
              "Key": "Color",
              "Value": "#fa6616"
            },
            {
              "Key": "Hotkey",
              "Value": "r"
            }
          ]
        },
        {
          "FieldId": "Resume.NoCategory.Pdf.HSC",
          "FieldName": "HSC",
          "IsMultiValue": true,
          "Type": "Text",
          "DeriveFieldsFormat": "",
          "Components": [],
          "SetValues": [],
          "Metadata": [
            {
              "Key": "Color",
              "Value": "#8a97a0"
            },
            {
              "Key": "Hotkey",
              "Value": "h"
            }
          ]
        },
        {
          "FieldId": "Resume.NoCategory.Pdf.SSLC",
          "FieldName": "SSLC",
          "IsMultiValue": true,
          "Type": "Text",
          "DeriveFieldsFormat": "",
          "Components": [],
          "SetValues": [],
          "Metadata": [
            {
              "Key": "Color",
              "Value": "#6eb84a"
            },
            {
              "Key": "Hotkey",
              "Value": "l"
            }
          ]
        },
        {
          "FieldId": "Resume.NoCategory.Pdf.UG",
          "FieldName": "UG",
          "IsMultiValue": true,
          "Type": "Text",
          "DeriveFieldsFormat": "",
          "Components": [],
          "SetValues": [],
          "Metadata": [
            {
              "Key": "Color",
              "Value": "#d2d550"
            },
            {
              "Key": "Hotkey",
              "Value": "g"
            }
          ]
        }
      ]
    },
    {
      "DocumentTypeId": "picture.NoCategory.Pic-Pdf",
      "Group": "picture",
      "Category": "",
      "Name": "Pic-Pdf",
      "OptionalUniqueIdentifier": "",
      "TypeField": {
        "FieldId": "picture.NoCategory.Pic-Pdf.DocumentType",
        "FieldName": "Document Type"
      },
      "Fields": [
        {
          "FieldId": "picture.NoCategory.Pic-Pdf.YEAR",
          "FieldName": "YEAR:",
          "IsMultiValue": false,
          "Type": "Number",
          "DeriveFieldsFormat": "",
          "Components": [],
          "SetValues": [],
          "Metadata": [
            {
              "Key": "Color",
              "Value": "#038a18"
            },
            {
              "Key": "Hotkey",
              "Value": "y"
            }
          ]
        },
        {
          "FieldId": "picture.NoCategory.Pic-Pdf.PERSONNAME",
          "FieldName": "PERSON NAME:",
          "IsMultiValue": false,
          "Type": "Text",
          "DeriveFieldsFormat": "",
          "Components": [],
          "SetValues": [],
          "Metadata": [
            {
              "Key": "Color",
              "Value": "#fa6616"
            },
            {
              "Key": "Hotkey",
              "Value": "e"
            }
          ]
        },
        {
          "FieldId": "picture.NoCategory.Pic-Pdf.ALSOCALLED",
          "FieldName": "ALSO CALLED",
          "IsMultiValue": false,
          "Type": "Text",
          "DeriveFieldsFormat": "",
          "Components": [],
          "SetValues": [],
          "Metadata": [
            {
              "Key": "Color",
              "Value": "#fa6616"
            },
            {
              "Key": "Hotkey",
              "Value": "a"
            }
          ]
        }
      ]
    }
  ],
  "Groups": [
    {
      "Name": "Bonafide pdf",
      "Categories": []
    },
    {
      "Name": "Resume",
      "Categories": []
    },
    {
      "Name": "picture",
      "Categories": []
    }
  ],
  "SupportedLanguages": [
    {
      "Name": "Undetermined Language",
      "Code": "und"
    },
    {
      "Name": "Bulgarian",
      "Code": "bul"
    },
    {
      "Name": "Cantonese",
      "Code": "yue"
    },
    {
      "Name": "Danish",
      "Code": "dan"
    },
    {
      "Name": "Dutch",
      "Code": "nld"
    },
    {
      "Name": "English",
      "Code": "eng"
    },
    {
      "Name": "French",
      "Code": "fra"
    },
    {
      "Name": "Georgian",
      "Code": "kat"
    },
    {
      "Name": "German",
      "Code": "deu"
    },
    {
      "Name": "Greek",
      "Code": "ell"
    },
    {
      "Name": "Hebrew",
      "Code": "heb"
    },
    {
      "Name": "Hindi",
      "Code": "hin"
    },
    {
      "Name": "Italian",
      "Code": "ita"
    },
    {
      "Name": "Japanese",
      "Code": "jpn"
    },
    {
      "Name": "Korean",
      "Code": "kor"
    },
    {
      "Name": "Macedonian",
      "Code": "mkd"
    },
    {
      "Name": "Mandarin",
      "Code": "zho"
    },
    {
      "Name": "Marathi",
      "Code": "mar"
    },
    {
      "Name": "Norwegian",
      "Code": "nor"
    },
    {
      "Name": "Polish",
      "Code": "pol"
    },
    {
      "Name": "Portuguese",
      "Code": "por"
    },
    {
      "Name": "Romanian",
      "Code": "ron"
    },
    {
      "Name": "Russian",
      "Code": "rus"
    },
    {
      "Name": "Serbian",
      "Code": "srp"
    },
    {
      "Name": "Spanish",
      "Code": "spa"
    },
    {
      "Name": "Swedish",
      "Code": "swe"
    },
    {
      "Name": "Telugu",
      "Code": "tel"
    },
    {
      "Name": "Turkish",
      "Code": "tur"
    }
  ]
}